<?xml version="1.0" encoding="UTF-8"?>
<project-private xmlns="http://www.netbeans.org/ns/project-private/1">
    <editor-bookmarks xmlns="http://www.netbeans.org/ns/editor-bookmarks/2" lastBookmarkId="0"/>
    <open-files xmlns="http://www.netbeans.org/ns/projectui-open-files/2">
        <group>
            <file>file:/C:/Users/Mishen%20Naidoo/OneDrive/Documents/NetBeansProjects/MishenChatApp_1/src/MessageHandler.java</file>
            <file>file:/C:/Users/Mishen%20Naidoo/OneDrive/Documents/NetBeansProjects/MishenChatApp_1/src/MessageTest.java</file>
            <file>file:/C:/Users/Mishen%20Naidoo/OneDrive/Documents/NetBeansProjects/MishenChatApp_1/src/Main.java</file>
            <file>file:/C:/Users/Mishen%20Naidoo/OneDrive/Documents/NetBeansProjects/MishenChatApp_1/src/Message.java</file>
            <file>file:/C:/Users/Mishen%20Naidoo/OneDrive/Documents/NetBeansProjects/MishenChatApp_1/src/Login.java</file>
            <file>file:/C:/Users/Mishen%20Naidoo/OneDrive/Documents/NetBeansProjects/MishenChatApp_1/src/mishenchatapp/MishenChatApp.java</file>
            <file>file:/C:/Users/Mishen%20Naidoo/OneDrive/Documents/NetBeansProjects/MishenChatApp_1/src/LoginTest.java</file>
        </group>
    </open-files>
</project-private>
